variant,auc,gold,gs,jaccard,top30
Active,0.94098,0.6176470588235294,0.8823529411764706,1.0,1.0
No HSP,0.95819,0.7058823529411765,0.9411764705882353,0.348624,0.43333333333333335
Continuous,0.95823,0.7058823529411765,0.9411764705882353,0.348624,0.43333333333333335
No peak,0.959996,0.7352941176470589,0.9411764705882353,0.367442,0.36666666666666664
