tier,catalogue_fraction,recovery,ci_low,ci_high,enrichment
Start,0.0,0.0,0.0,0.0,nan
Gold,0.05012787723785166,0.6176470588235294,0.45041,0.760998,12.321429
Gold+Silver,0.15004262574595056,0.8823529411764706,0.733792,0.953286,5.880682
Gold+Silver+Bronze,0.30008525149190113,1.0,0.898485,1.0,3.332386
